Pragma Foreign_Keys = on;

insert into Zoo(
  idZoo,
  nomeZoo,
  lotacaoMaxima,
  lotacaoAtual,
  numeroTelefone,
  rua,
  codigoPostal,
  horaAbertura,
  horaFecho,
  numeroTotalAnimais,
  area
)
  values(
    0001,
    'Zoo da Maia',
    5000,
    1274,
    '229442303',
    'Rua Estação',
    '4470-184',
    '10:00',
    '17:00',
    5,
    75000
);

insert into Zoo(
  idZoo,
  nomeZoo,
  lotacaoMaxima,
  lotacaoAtual,
  numeroTelefone,
  rua,
  codigoPostal,
  horaAbertura,
  horaFecho,
  numeroTotalAnimais,
  area
)
  values(
    0002,
    'Zoo de Santo Inácio',
    10000,
    3274,
    '227878500',
    'Rua 5 de Outubro',
    '4430-809',
    '10:00',
    '17:00',
    5,
    150000
);

insert into Zoo(
  idZoo,
  nomeZoo,
  lotacaoMaxima,
  lotacaoAtual,
  numeroTelefone,
  rua,
  codigoPostal,
  horaAbertura,
  horaFecho,
  numeroTotalAnimais,
  area
)
  values(
    0003,
    'Zoo de Lourosa',
    6000,
    2374,
    '227459822',
    'Rua Parque',
    '4535-071',
    '09:30',
    '18:00',
    5,
    80000
);

insert into Zoo(
  idZoo,
  nomeZoo,
  lotacaoMaxima,
  lotacaoAtual,
  numeroTelefone,
  rua,
  codigoPostal,
  horaAbertura,
  horaFecho,
  numeroTotalAnimais,
  area
)
  values(
    0004,
    'Zoo de Lisboa',
    10000,
    6274,
    '217232900',
    'Rua Praça Marechal Humberto Delgado',
    '1549-004',
    '10:00',
    '20:00',
    5,
    400000
);

insert into Zoo(
  idZoo,
  nomeZoo,
  lotacaoMaxima,
  lotacaoAtual,
  numeroTelefone,
  rua,
  codigoPostal,
  horaAbertura,
  horaFecho,
  numeroTotalAnimais,
  area
)
  values(
    0005,
    'Zoo de Lagos',
    3000,
    974,
    '282680100',
    'Rua Barão de São João',
    '8600-013',
    '10:00',
    '17:00',
    5,
    15000
);




insert into Visitante(
  nifVisitante,
  nome,
  idade,
  numeroTelefone
)
 values(
  '235792870',
  'Yasmin Cunha',
  25,
  '916162285'
);

insert into Visitante(
  nifVisitante,
  nome,
  idade,
  numeroTelefone
)
values(
  '203847814',
  'Igor da Mata',
  34,
  '929516049'
);

insert into Visitante(
  nifVisitante,
  nome,
  idade,
  numeroTelefone
)
 values(
   '233732080',
   'Nina Azevedo',
   27,
   '979218128'
);

insert into Visitante(
  nifVisitante,
  nome,
  idade,
  numeroTelefone
)
 values(
   '214456846',
   'Pedro Lucas Ramos',
   21,
   '921699625'
);

insert into Visitante(
  nifVisitante,
  nome,
  idade,
  numeroTelefone
)
 values (
   '256222347',
   'Cauã Dias',
   19,
   '907282718'
);

insert into Visitante(
  nifVisitante,
  nome,
  idade,
  numeroTelefone
)
  values(
    '268741239',
    'Pedro Lucas Fernandes',
    30,
    '958824504'
);

insert into Visitante(
  nifVisitante,
  nome,
  idade,
  numeroTelefone
)
 values(
  '285314734',
  'Breno da Conceição',
  40,
  '908600501'
);

insert into Visitante(
  nifVisitante,
  nome,
  idade,
  numeroTelefone
)
 values(
   '227530721',
   'Júlia Almeida',
   55,
   '990192506'
);

insert into Visitante(
  nifVisitante,
  nome,
  idade,
  numeroTelefone
)
 values(
   '271731672',
   'Danilo Barbosa',
   46,
   '937870511'
);

insert into Visitante(
  nifVisitante,
  nome,
  idade,
  numeroTelefone
)
 values(
   '249535602',
   'Enzo Gabriel Correia',
   66,
   '916063883'
);

insert into Visitante(
  nifVisitante,
  nome,
  idade,
  numeroTelefone
)
 values(
   '226854450',
   'Alexandre Caldeira',
   12,
   '991336112'
);

insert into Visitante(
  nifVisitante,
  nome,
  idade,
  numeroTelefone
)
 values(
   '290432316',
   'Ana Beatriz Pereira',
   14,
   '942153883'
);

insert into Visitante(
  nifVisitante,
  nome,
  idade,
  numeroTelefone
)
 values(
   '217941214',
   'Sophia Costela',
   8,
   '978614215'
);

insert into Visitante(
  nifVisitante,
  nome,
  idade,
  numeroTelefone
)
 values(
   '295684534',
   'Benício da Costa',
   29,
   '928625956'
);

insert into Visitante(
  nifVisitante,
  nome,
  idade,
  numeroTelefone
)
 values(
   '217192645',
   'Daniela da Luz',
   5,
   '900553154'
);

insert into Visitante(
  nifVisitante,
  nome,
  idade,
  numeroTelefone
)
 values(
   '210807954',
   'Ryan Teixeira',
   15,
   '979654410'
);

insert into Visitante(
  nifVisitante,
  nome,
  idade,
  numeroTelefone
)
 values(
   '214641074',
   'Alícia da Conceição',
   17,
   '923332899'
);

insert into Visitante(
  nifVisitante,
  nome,
  idade,
  numeroTelefone
)
 values(
   '246539488',
   'Juan Vieira',
   53,
   '938280198'
);

insert into Visitante(
  nifVisitante,
  nome,
  idade,
  numeroTelefone
)
 values(
   '205733794',
   'Raquel Nascimento',
   4,
   '977440773'
);

insert into Visitante(
  nifVisitante,
  nome,
  idade,
  numeroTelefone
)
 values(
   '223624721',
   'Vitor Hugo Alves',
   68,
   '991901634'
);

insert into Visitante(
  nifVisitante,
  nome,
  idade,
  numeroTelefone
)
 values(
   '273180339',
   'Kamilly Oliveira',
   9,
   '905681349'
);

insert into Visitante(
  nifVisitante,
  nome,
  idade,
  numeroTelefone
)
 values(
   '220043639',
   'Alice Souza',
   13,
   '926354714'
);

insert into Visitante(
  nifVisitante,
  nome,
  idade,
  numeroTelefone
)
 values(
   '267349742',
   'Luiz Otávio Fogaça',
   29,
   '922378198'
);

insert into Visitante(
  nifVisitante,
  nome,
  idade,
  numeroTelefone
)
 values(
   '220852235',
   'Luiz Felipe Barros',
   33,
   '930569025'
);

insert into Visitante(
  nifVisitante,
  nome,
  idade,
  numeroTelefone
)
 values(
   '287728641',
   'Marina Alves',
   28,
   '916114995'
);




insert into TipoBilhete(
  idTipoBilhete,
  tipoBilhete
)
  values(
    000,
    'Criança até 3 anos'
);

insert into TipoBilhete(
  idTipoBilhete,
  tipoBilhete
)
  values(
    001,
    'Criança/Senior'
);

insert into TipoBilhete(
  idTipoBilhete,
  tipoBilhete
)
  values(
    002,
    'Jovem'
);

insert into TipoBilhete(
  idTipoBilhete,
  tipoBilhete
)
  values(
    003,
    'Adulto'
);




insert into Bilhete(
  codigo,
  horaEntrada,
  dataBilhete,
  preco,
  nifVisitante,
  idTipoBilhete
)
 values(
  00001,
  '10:30',
  '2021-12-10',
   10.00,
  '235792870',
  003
);

insert into Bilhete(
  codigo,
  horaEntrada,
  dataBilhete,
  preco,
  nifVisitante,
  idTipoBilhete
)
 values(
  00002,
  '10:30',
  '2021-12-10',
   10.00,
  '203847814',
  003
);

insert into Bilhete(
  codigo,
  horaEntrada,
  dataBilhete,
  preco,
  nifVisitante,
  idTipoBilhete
)
 values(
  00003,
  '10:31',
  '2021-12-10',
   10.00,
  '233732080',
  003
);

insert into Bilhete(
  codigo,
  horaEntrada,
  dataBilhete,
  preco,
  nifVisitante,
  idTipoBilhete
)
 values(
  00004,
  '10:31',
  '2021-12-10',
  10.00,
  '214456846',
  003
);

insert into Bilhete(
  codigo,
  horaEntrada,
  dataBilhete,
  preco,
  nifVisitante,
  idTipoBilhete
)
 values(
  00005,
  '10:35',
  '2021-12-10',
  10.00,
  '256222347',
  003
);

insert into Bilhete(
  codigo,
  horaEntrada,
  dataBilhete,
  preco,
  nifVisitante,
  idTipoBilhete
)
values(
  00006,
  '10:47',
  '2021-12-11',
  10.00,
  '268741239',
  003
);

insert into Bilhete(
  codigo,
  horaEntrada,
  dataBilhete,
  preco,
  nifVisitante,
  idTipoBilhete
)
values(
  00007,
  '11:00',
  '2021-12-11',
  10.00,
  '285314734',
  003
);

insert into Bilhete(
  codigo,
  horaEntrada,
  dataBilhete,
  preco,
  nifVisitante,
  idTipoBilhete
)
 values(
  00008,
  '10:30',
  '2021-12-10',
  10.00,
  '227530721',
  003
);

insert into Bilhete(
  codigo,
  horaEntrada,
  dataBilhete,
  preco,
  nifVisitante,
  idTipoBilhete
)
values(
  00009,
  '10:30',
  '2021-12-10',
  10.00,
  '271731672',
  003
);

insert into Bilhete(
  codigo,
  horaEntrada,
  dataBilhete,
  preco,
  nifVisitante,
  idTipoBilhete
)
values(
  00010,
  '10:30',
  '2021-12-10',
  10.00,
  '249535602',
  003
);

insert into Bilhete(
  codigo,
  horaEntrada,
  dataBilhete,
  preco,
  nifVisitante,
  idTipoBilhete
)
 values(
  00011,
  '10:30',
  '2021-12-10',
  5.00,
  '226854450',
  001
);

insert into Bilhete(
  codigo,
  horaEntrada,
  dataBilhete,
  preco,
  nifVisitante,
  idTipoBilhete
)
 values(
  00012,
  '10:30',
  '2021-12-10',
  7.50,
  '290432316',
  002
);

insert into Bilhete(
  codigo,
  horaEntrada,
  dataBilhete,
  preco,
  nifVisitante,
  idTipoBilhete
)
 values(
  00013,
  '10:30',
  '2021-12-10',
  5.00,
  '217941214',
  001
);

insert into Bilhete(
  codigo,
  horaEntrada,
  dataBilhete,
  preco,
  nifVisitante,
  idTipoBilhete
)
 values(
  00014,
  '10:30',
  '2021-12-10',
  10.00,
  '295684534',
  003
);

insert into Bilhete(
  codigo,
  horaEntrada,
  dataBilhete,
  preco,
  nifVisitante,
  idTipoBilhete
)
 values(
  00015,
  '10:30',
  '2021-12-10',
  5.00,
  '217192645',
  001
);

insert into Bilhete(
  codigo,
  horaEntrada,
  dataBilhete,
  preco,
  nifVisitante,
  idTipoBilhete
)
 values(
  00016,
  '10:30',
  '2021-12-10',
  7.50,
  '210807954',
  002
);

insert into Bilhete(
  codigo,
  horaEntrada,
  dataBilhete,
  preco,
  nifVisitante,
  idTipoBilhete
)
 values(
  00017,
  '10:30',
  '2021-12-10',
  7.50,
  '214641074',
  002
);

insert into Bilhete(
  codigo,
  horaEntrada,
  dataBilhete,
  preco,
  nifVisitante,
  idTipoBilhete
)
 values(
  00018,
  '10:30',
  '2021-12-10',
  10.00,
  '246539488',
  003
);

insert into Bilhete(
  codigo,
  horaEntrada,
  dataBilhete,
  preco,
  nifVisitante,
  idTipoBilhete
)
 values(
  00019,
  '10:30',
  '2021-12-10',
  5.00,
  '205733794',
  001
);

insert into Bilhete(
  codigo,
  horaEntrada,
  dataBilhete,
  preco,
  nifVisitante,
  idTipoBilhete
)
 values(
  00020,
  '10:30',
  '2021-12-10',
  10.00,
  '223624721',
  003
);

insert into Bilhete(
  codigo,
  horaEntrada,
  dataBilhete,
  preco,
  nifVisitante,
  idTipoBilhete
)
 values(
  00021,
  '10:30',
  '2021-12-10',
  5.00,
  '273180339',
  001
);

insert into Bilhete(
  codigo,
  horaEntrada,
  dataBilhete,
  preco,
  nifVisitante,
  idTipoBilhete
)
 values(
  00022,
  '10:30',
  '2021-12-10',
  7.50,
  '220043639',
  002
);

insert into Bilhete(
  codigo,
  horaEntrada,
  dataBilhete,
  preco,
  nifVisitante,
  idTipoBilhete
)
 values(
  00023,
  '10:30',
  '2021-12-10',
  10.00,
  '267349742',
  003
);

insert into Bilhete(
  codigo,
  horaEntrada,
  dataBilhete,
  preco,
  nifVisitante,
  idTipoBilhete
)
 values(
  00024,
  '10:30',
  '2021-12-10',
  10.00,
  '220852235',
  003
);

insert into Bilhete(
  codigo,
  horaEntrada,
  dataBilhete,
  preco,
  nifVisitante,
  idTipoBilhete
)
 values(
  00025,
  '10:30',
  '2021-12-10',
  10.00,
  '287728641',
  003
);




insert into Servico(
  idServico,
  nome,
  numeroTelefone,
  capacidade,
  email,
  horaAbertura,
  horaFecho,
  rua,
  codigoPostal,
  idZoo
)
   values(
     01,
     'Restaurante da Maia',
     '229442304',
     50,
     'restaurantemaia@gmail.com',
     '11:00',
     '15:00',
     'Rua Estação',
     '4470-185',
     0001
);

insert into Servico(
  idServico,
  nome,
  numeroTelefone,
  capacidade,
  email,
  horaAbertura,
  horaFecho,
  rua,
  codigoPostal,
  idZoo
)
   values(
     02,
     'Restaurante de Santo Inácio',
     '227878501',
     75,
     'restaurantesantoinácio@gmail.com',
     '11:00',
     '15:00',
     'Rua 5 de Outubro',
     '4430-810',
     0002
);

insert into Servico(
  idServico,
  nome,
  numeroTelefone,
  capacidade,
  email,
  horaAbertura,
  horaFecho,
  rua,
  codigoPostal,
  idZoo
)
   values(
     03,
     'Restaurante de Lourosa',
     '227459823',
     50,
     'restaurantelourosa@gmail.com',
     '11:00',
     '15:00',
     'Rua Parque',
     '4535-072',
     0003
);

insert into Servico(
  idServico,
  nome,
  numeroTelefone,
  capacidade,
  email,
  horaAbertura,
  horaFecho,
  rua,
  codigoPostal,
  idZoo
)
   values(
     04,
     'Restaurante de Lisboa',
     '217232901',
     100,
     'restaurantelisboa@gmail.com',
     '11:00',
     '15:00',
     'Rua Praça Marechal Humberto Delgado',
     '1549-005',
     0004
);

insert into Servico(
  idServico,
  nome,
  numeroTelefone,
  capacidade,
  email,
  horaAbertura,
  horaFecho,
  rua,
  codigoPostal,
  idZoo
)
   values(
     05,
     'Restaurante de Lagos',
     '282680101',
     50,
     'restaurantelagos@gmail.com',
     '11:00',
     '15:00',
     'Rua Barão de São João',
     '8600-013',
     0005
);

insert into Servico(
  idServico,
  nome,
  numeroTelefone,
  capacidade,
  email,
  horaAbertura,
  horaFecho,
  rua,
  codigoPostal,
  idZoo
)
   values(
     06,
     'Hotel da Maia',
     '229442305',
     100,
     'hotelmaia@gmail.com',
     '09:00',
     '20:00',
     'Rua Estação',
     '4470-186',
     0001
);

insert into Servico(
  idServico,
  nome,
  numeroTelefone,
  capacidade,
  email,
  horaAbertura,
  horaFecho,
  rua,
  codigoPostal,
  idZoo
)
   values(
     07,
     'Hotel de Santo Inácio',
     '227878502',
     150,
     'hotelsantoinacio@gmail.com',
     '09:00',
     '20:00',
     'Rua 5 de Outubro',
     '44730-811',
     0002
);

insert into Servico(
  idServico,
  nome,
  numeroTelefone,
  capacidade,
  email,
  horaAbertura,
  horaFecho,
  rua,
  codigoPostal,
  idZoo
)
   values(
     08,
     'Hotel de Lourosa',
     '227459824',
     100,
     'hotellourosa@gmail.com',
     '09:00',
     '20:00',
     'Rua Parque',
     '4535-073',
     0003
);

insert into Servico(
  idServico,
  nome,
  numeroTelefone,
  capacidade,
  email,
  horaAbertura,
  horaFecho,
  rua,
  codigoPostal,
  idZoo
)
   values(
     09,
     'Hotel de Lisboa',
     '21732902',
     200,
     'hotellisboa@gmail.com',
     '09:00',
     '20:00',
     'Rua Praça Marechal Humberto Delgadp',
     '4470-186',
     0004
);

insert into Servico(
  idServico,
  nome,
  numeroTelefone,
  capacidade,
  email,
  horaAbertura,
  horaFecho,
  rua,
  codigoPostal,
  idZoo
)
   values(
     10,
     'Hotel de Lagos',
     '282680102',
     100,
     'hotellagos@gmail.com',
     '09:00',
     '20:00',
     'Rua Barão de São João',
     '8600-015',
     0005
);




insert into Hotel(
  idServico,
  preco
)
   values(
     06,
     10.50
);

insert into Hotel(
  idServico,
  preco
)
   values(
     07,
     15.00
);

insert into Hotel(
  idServico,
  preco
)
   values(
     08,
     10.00
);

insert into Hotel(
  idServico,
  preco
)
   values(
     09,
     20.00
);

insert into Hotel(
  idServico,
  preco
)
   values(
     10,
     10.00
);




insert into Restaurante(
  idServico,
  tipoRestaurante,
  preco
)
  values(
    01,
    'italiano',
    5.50
);

insert into Restaurante(
  idServico,
  tipoRestaurante,
  preco
)
  values(
    02,
    'japonês',
    7.50
);

insert into Restaurante(
  idServico,
  tipoRestaurante,
  preco
)
  values(
    03,
    'mexicano',
    5.00
);

insert into Restaurante(
  idServico,
  tipoRestaurante,
  preco
)
  values(
    04,
    'chinês',
    10.00
);

insert into Restaurante(
  idServico,
  tipoRestaurante,
  preco
)
  values(
    05,
    'português',
    5.00
);



insert into Animal(
  idAnimal,
  nome,
  idade,
  nomeComum,
  nomeCientifico,
  dataChegadaZoo,
  genero,
  idZoo,
  idProgenitor)
values (
  01,
  'Anabelle',
  3,
  'Alpaca',
  'Vicugna pacos',
  '23-04-2019',
  'Feminino',
  0002,
  NULL
  );

insert into Animal(
  idAnimal,
  nome,
  idade,
  nomeComum,
  nomeCientifico,
  dataChegadaZoo,
  genero,
  idZoo,
  idProgenitor)
values(
  02,
  'Logan',
  6,
  'Cabra Anã',
  'Capra hircus',
  '13-02-2017',
  'Masculino',
  0002,
  NULL
  );

insert into Animal(
  idAnimal,
  nome,
  idade,
  nomeComum,
  nomeCientifico,
  dataChegadaZoo,
  genero,
  idZoo,
  idProgenitor)
values(
  03,
  'Peachy',
  5,
  'Canguru De Bennett',
  'Macropus rufogriseus',
  '05-10-2017',
  'Feminino',
  0001,
  NULL
  );

insert into Animal(
  idAnimal,
  nome,
  idade,
  nomeComum,
  nomeCientifico,
  dataChegadaZoo,
  genero,
  idZoo,
  idProgenitor)
values(
  04,
  'Agro',
  6,
  'Canguru De Bennett',
  'Macropus rufogriseus',
  '05-10-2017',
  'Masculino',
  0001,
  NULL
  );

insert into Animal(
  idAnimal,
  nome,
  idade,
  nomeComum,
  nomeCientifico,
  dataChegadaZoo,
  genero,
  idZoo,
  idProgenitor)
values(
  05,
  'Beanie',
  1,
  'Canguru De Bennett',
  'Macropus rufogriseus',
  '12-12-2020',
  'Feminino',
  0001,
  03
  );



insert into Animal(
  idAnimal,
  nome,
  idade,
  nomeComum,
  nomeCientifico,
  dataChegadaZoo,
  genero,
  idZoo,
  idProgenitor)
values(
  06,
  'Stewart',
  8,
  'Búfalo Aquático Asiático',
  'Bubalus bubalis',
  '09-03-2015',
  'Masculino',
  0002,
  NULL
  );



insert into Animal(
  idAnimal,
  nome,
  idade,
  nomeComum,
  nomeCientifico,
  dataChegadaZoo,
  genero,
  idZoo,
  idProgenitor)
values(
  07,
  'Sky',
  6,
  'Camelo Asiático',
  'Camelus bactrianus',
  '18-10-2017',
  'Feminino',
  0003,
  NULL
  );



insert into Animal(
  idAnimal,
  nome,
  idade,
  nomeComum,
  nomeCientifico,
  dataChegadaZoo,
  genero,
  idZoo,
  idProgenitor)
values(
  08,
  'Obi',
  4,
  'Avestruz',
  'Struthio camelus',
  '18-10-2017',
  'Masculino',
  0003,
  NULL
  );



insert into Animal(
  idAnimal,
  nome,
  idade,
  nomeComum,
  nomeCientifico,
  dataChegadaZoo,
  genero,
  idZoo,
  idProgenitor)
values(
  09,
  'Holy',
  2,
  'Arara Jacinta',
  'Anodorhynchus hyacinthinus',
  '14-09-2019',
  'Holy',
  0003,
  NULL
  );



insert into Animal(
  idAnimal,
  nome,
  idade,
  nomeComum,
  nomeCientifico,
  dataChegadaZoo,
  genero,
  idZoo,
  idProgenitor)
values(
  10,
  'Chewbacca',
  5,
  'Bisonte-americano',
  'Bison bison bison',
  '10-03-2018',
  'Masculino',
  0004,
  NULL
  );



insert into Animal(
  idAnimal,
  nome,
  idade,
  nomeComum,
  nomeCientifico,
  dataChegadaZoo,
  genero,
  idZoo,
  idProgenitor)
values(
  11,
  'Ray',
  3,
  'Piranha-vermelha',
  'Pygocentrus nattereri',
  '12-04-2019',
  'Masculino',
  0004,
  NULL
  );



insert into Animal(
  idAnimal,
  nome,
  idade,
  nomeComum,
  nomeCientifico,
  dataChegadaZoo,
  genero,
  idZoo,
  idProgenitor)
values(
  12,
  'Cameo',
  4,
  'Ádax',
  'Addax nasomaculatus',
  '12-04-2019',
  'Masculino',
  0004,
  NULL
  );




insert into Animal(
  idAnimal,
  nome,
  idade,
  nomeComum,
  nomeCientifico,
  dataChegadaZoo,
  genero,
  idZoo,
  idProgenitor)
values(
  13,
  'Grace',
  6,
  'Lémure-vermelho',
  'Varecia rubra',
  '19-08-2017',
  'Feminino',
  0005,
  NULL
  );


insert into Animal(
  idAnimal,
  nome,
  idade,
  nomeComum,
  nomeCientifico,
  dataChegadaZoo,
  genero,
  idZoo,
  idProgenitor)
values(
  14,
  'Dexter',
  5,
  'Saguim-pigmeu',
  'Cebuella pygmaea',
  '19-08-2017',
  'Masculino',
  0005,
  NULL
  );



insert into Animal(
  idAnimal,
  nome,
  idade,
  nomeComum,
  nomeCientifico,
  dataChegadaZoo,
  genero,
  idZoo,
  idProgenitor)
values(
  15,
  'Tenchu',
  8,
  'Saguim Imperador',
  'Saguinus imperator',
  '19-08-2017',
  'Masculino',
  0005,
  NULL
  );




  insert into Especialidade(
    idEspecialidade,
    nome
  )
    values(
      001,
      'tratador'
    );

  insert into Especialidade(
    idEspecialidade,
    nome
  )
    values(
      002,
      'rececao'
    );

  insert into Especialidade(
    idEspecialidade,
    nome
  )
    values(
      003,
      'manutencao'
    );

  insert into Especialidade(
    idEspecialidade,
    nome
  )
    values(
      004,
      'limpeza'
    );

    insert into Especialidade(
    idEspecialidade,
    nome
  )
    values(
      005,
      'segurança'
    );




insert into Funcionario(
  nome,
  nifFuncionario,
  rua,
  codigoPostal,
  dataNascimento,
  email,
  numeroTelefone,
  idEspecialidade,
  idZoo
)
  values(
  'Israel Cerqueira Castilhos',
  '220689547',
  'Reta Manor',
  '5300-235',
  '1975-10-15',
  'israelcerqueiracastilhos@gmail.com',
  '918937373',
  001,
  0001
  );

  insert into Funcionario(
  nome,
  nifFuncionario,
  rua,
  codigoPostal,
  dataNascimento,
  email,
  numeroTelefone,
  idEspecialidade,
  idZoo
)
  values(
  'Otávio Carvalho',
  '226663868',
  'Travessa António Ferreira',
  '3080-846',
  '1999-12-01',
  'otaviocarvalho@gmail.com',
  '934847549',
  004,
  0001
  );

  insert into Funcionario(
  nome,
  nifFuncionario,
  rua,
  codigoPostal,
  dataNascimento,
  email,
  numeroTelefone,
  idEspecialidade,
  idZoo
)
  values(
  'Maria Luiza Aragão',
  '294833781',
  'Avenida Afonso Pena',
  '7080-068',
  '2000-04-12',
  'marialuizaaragao@gmail.com',
  '915857655',
  003,
  0001
  );

  insert into Funcionario(
  nome,
  nifFuncionario,
  rua,
  codigoPostal,
  dataNascimento,
  email,
  numeroTelefone,
  idEspecialidade,
  idZoo
)
  values(
  'Bianca Cavalcanti',
  '285836870',
  'Rua Governador José Malcher',
  '3080-219',
  '1983-01-30',
  'biancacavalcanti@gmail.com',
  '913237211',
  001,
  0002
  );

  insert into Funcionario(
  nome,
  nifFuncionario,
  rua,
  codigoPostal,
  dataNascimento,
  email,
  numeroTelefone,
  idEspecialidade,
  idZoo
)
  values(
  'Evelyn Freitas',
  '202420574',
  'Rua Carlos Augusto Cornelsen',
  '7080-341',
  '1973-11-11',
  'evelynfreitas@gmail.com',
  '928373247',
  001,
  0002
  );

  insert into Funcionario(
  nome,
  nifFuncionario,
  rua,
  codigoPostal,
  dataNascimento,
  email,
  numeroTelefone,
  idEspecialidade,
  idZoo
)
  values(
  'Beatriz Monteiro',
  '202420666',
  'Rua Serra de Bragança',
  '7040-038',
  '1966-04-30',
  'beatrizmonteiro@gmail.com',
  '928371241',
  005,
  0002
  );

  insert into Funcionario(
  nome,
  nifFuncionario,
  rua,
  codigoPostal,
  dataNascimento,
  email,
  numeroTelefone,
  idEspecialidade,
  idZoo
)
  values(
  'Gabriela da Rosa',
  '207652287',
  'Rua das Fiandeiras',
  '2680-023',
  '1965-02-17',
  'gabrielarosa@gmail.com',
  '91383189',
  001,
  0003
  );

  insert into Funcionario(
  nome,
  nifFuncionario,
  rua,
  codigoPostal,
  dataNascimento,
  email,
  numeroTelefone,
  idEspecialidade,
  idZoo
)
  values(
  'Milena Ramos',
  '207612347',
  'Rua Maria Luísa do Val Penteado',
  '2680-023',
  '1965-02-17',
  'milenaramos@gmail.com',
  '916299799',
  003,
  0003
  );

  insert into Funcionario(
  nome,
  nifFuncionario,
  rua,
  codigoPostal,
  dataNascimento,
  email,
  numeroTelefone,
  idEspecialidade,
  idZoo
)
  values(
  'Henrique Nunes',
  '204389143',
  'Rua Pereira Estéfano',
  '2680-027',
  '1988-02-19',
  'henriquenunes@gmail.com',
  '917554123',
  002,
  0003
  );

  insert into Funcionario(
  nome,
  nifFuncionario,
  rua,
  codigoPostal,
  dataNascimento,
  email,
  numeroTelefone,
  idEspecialidade,
  idZoo
)
  values(
  'Lívia Fogaça',
  '205589143',
  'Rua Raposo Tavares',
  '24425-177',
  '1992-05-25',
  'liviafogacas@gmail.com',
  '939217498',
  001,
  0004
  );

  insert into Funcionario(
  nome,
  nifFuncionario,
  rua,
  codigoPostal,
  dataNascimento,
  email,
  numeroTelefone,
  idEspecialidade,
  idZoo
)
  values(
  'Maria Alice Santos',
  '219748586',
  'Rua Barão de Vitória',
  '4470-208',
  '1994-05-26',
  'mariaalicesantos@gmail.com',
  '918714789',
  005,
  0004
  );

  insert into Funcionario(
  nome,
  nifFuncionario,
  rua,
  codigoPostal,
  dataNascimento,
  email,
  numeroTelefone,
  idEspecialidade,
  idZoo
)
  values(
  'Helena Carvalho',
  '219008586',
  'Rua Paracatu',
  '4470-209',
  '2001-05-26',
  'helenacarvalho@gmail.com',
  '918714000',
  004,
  0004
  );

  insert into Funcionario(
  nome,
  nifFuncionario,
  rua,
  codigoPostal,
  dataNascimento,
  email,
  numeroTelefone,
  idEspecialidade,
  idZoo
)
  values(
  'Carolina Faria',
  '202682412',
  'Rua dos Carijós',
  '8600-292',
  '1960-06-05',
  'carolinafaria@gmail.com',
  '928578740',
  001,
  0005
  );

insert into Funcionario(
  nome,
  nifFuncionario,
  rua,
  codigoPostal,
  dataNascimento,
  email,
  numeroTelefone,
  idEspecialidade,
  idZoo
)
  values(
  'Elisa Fernandes',
  '282559183',
  'Rua São João',
  '8600-109',
  '1988-07-06',
  'elisafernandes@gmail.com',
  '912794127',
  002,
  0005
  );

insert into Funcionario(
  nome,
  nifFuncionario,
  rua,
  codigoPostal,
  dataNascimento,
  email,
  numeroTelefone,
  idEspecialidade,
  idZoo
)
  values(
  'Isis Pereira',
  '282559111',
  'Rua Arlindo Nogueira',
  '8600-305',
  '1999-01-31',
  'isispereira@gmail.com',
  '939204859',
  001,
  0005
  );



insert into Sessao(
  idSessao,
  nome,
  descricao,
  idZoo
)
  values(
    100,
    'Apresentação da Alpaca',
    'Dar a conhecer os comportamentos na vida da Alpaca',
    0002
);

insert into Sessao(
  idSessao,
  nome,
  descricao,
  idZoo
)
  values(
    200,
    'Apresentação da cabra Anã',
    'Dar a conhecer os comportamentos na vida da cabra anã',
    0002
);

insert into Sessao(
  idSessao,
  nome,
  descricao,
  idZoo
)
  values(
    300,
    'Canguru De Bennett',
    'Observe os divertidos Cangurus De Bennett enquanto são alimentados',
    0001
);

insert into Sessao(
  idSessao,
  nome,
  descricao,
  idZoo
)
  values(
    400,
    'Canguru De Bennett',
    'conheça de perto o comportamento e características destes fantásticos animais',
    0001
);

insert into Sessao(
  idSessao,
  nome,
  descricao,
  idZoo
)
  values(
    500,
    'Alimentação do Camelo Asiático',
    'Dar a conhecer aos visitantes os hábitos alimentares destes animais',
    0003
);

insert into Sessao(
  idSessao,
  nome,
  descricao,
  idZoo
)
  values(
    600,
    'Avestruz',
    'Conhecer curiosidades sobre as avestruzes',
    0003
);

insert into Sessao(
  idSessao,
  nome,
  descricao,
  idZoo
)
  values(
    700,
    'Bisonte-americano',
    'Apresentação dos bisontes americanos',
    0004
);

insert into Sessao(
  idSessao,
  nome,
  descricao,
  idZoo
)
  values(
    800,
    'Piranha-vermelha',
    'Dar a conhecer os hábitos alimentares das piranhas',
    0004
);

insert into Sessao(
  idSessao,
  nome,
  descricao,
  idZoo
)
  values(
    900,
    'Alimentação dos Lémures',
    'Dar a conhecer os hábitos alimentares dos lémures',
    0005
);

insert into Sessao(
  idSessao,
  nome,
  descricao,
  idZoo
)
  values(
    000,
    'Alimentação do Saguim-pigmeu',
    'Dar a conhecer os hábitos alimentares do saguim-pigmeu',
    0005
);



insert into HorarioSessao(
  idHorarioSessao,
  horaInicio,
  horaFim
)
  values(
    1,
    '11:00',
    '11:30'
);

insert into HorarioSessao(
  idHorarioSessao,
  horaInicio,
  horaFim
)
  values(
    2,
    '12:00',
    '12:30'
);

insert into HorarioSessao(
  idHorarioSessao,
  horaInicio,
  horaFim
)
  values(
    3,
    '11:30',
    '12:00'
);

insert into HorarioSessao(
  idHorarioSessao,
  horaInicio,
  horaFim
)
  values(
    4,
    '14:30',
    '15:00'
);

insert into HorarioSessao(
  idHorarioSessao,
  horaInicio,
  horaFim
)
  values(
    5,
    '15:00',
    '15:30'
);

insert into HorarioSessao(
  idHorarioSessao,
  horaInicio,
  horaFim
)
  values(
    6,
    '16:00',
    '16:30'
);

insert into HorarioSessao(
  idHorarioSessao,
  horaInicio,
  horaFim
)
  values(
    7,
    '10:00',
    '10:30'
);

insert into HorarioSessao(
  idHorarioSessao,
  horaInicio,
  horaFim
)
  values(
    8,
    '16:00',
    '16:30'
);

insert into HorarioSessao(
  idHorarioSessao,
  horaInicio,
  horaFim
)
  values(
    9,
    '15:00',
    '15:30'
);

insert into HorarioSessao(
  idHorarioSessao,
  horaInicio,
  horaFim
)
  values(
    0,
    '11:45',
    '12:15'
);



insert into SessaoHorarioSessao(
  idSessao,
  idHorarioSessao
)
 values(
   100,
   1
);

insert into SessaoHorarioSessao(
  idSessao,
  idHorarioSessao
)
 values(
   200,
   2
);

insert into SessaoHorarioSessao(
  idSessao,
  idHorarioSessao
)
 values(
   300,
   3
);

insert into SessaoHorarioSessao(
  idSessao,
  idHorarioSessao
)
 values(
   400,
   4
);

insert into SessaoHorarioSessao(
  idSessao,
  idHorarioSessao
)
 values(
   500,
   5
);

insert into SessaoHorarioSessao(
  idSessao,
  idHorarioSessao
)
 values(
   600,
   6
);

insert into SessaoHorarioSessao(
  idSessao,
  idHorarioSessao
)
 values(
   700,
   7
);

insert into SessaoHorarioSessao(
  idSessao,
  idHorarioSessao
)
 values(
   800,
   8
);

insert into SessaoHorarioSessao(
  idSessao,
  idHorarioSessao
)
 values(
   900,
   9
);

insert into SessaoHorarioSessao(
  idSessao,
  idHorarioSessao
)
 values(
   000,
   0
);



insert into Alimentacao(
  idAlimentacao,
  tipoAlimentacao,
  quantidadeDisponivel
)
  values(
    001,
    'Carne',
    950
  );

insert into Alimentacao(
  idAlimentacao,
  tipoAlimentacao,
  quantidadeDisponivel
)
  values(
    002,
    'Peixe',
    800
  );

insert into Alimentacao(
  idAlimentacao,
  tipoAlimentacao,
  quantidadeDisponivel
)
  values(
    003,
    'Insetos',
    50
  );

  insert into Alimentacao(
  idAlimentacao,
  tipoAlimentacao,
  quantidadeDisponivel
)
  values(
    004,
    'Plantas',
    300
  );

    insert into Alimentacao(
  idAlimentacao,
  tipoAlimentacao,
  quantidadeDisponivel
)
  values(
    005,
    'Sementes',
    300
  );

  insert into Alimentacao(
  idAlimentacao,
  tipoAlimentacao,
  quantidadeDisponivel
)
  values(
    006,
    'Fruta',
    650
  );



insert into VisitanteZoo(
  nifVisitante,
  idZoo
)
  values(
    '235792870',
    0001
);

insert into VisitanteZoo(
  nifVisitante,
  idZoo
)
  values(
    '203847814',
    0001
);

insert into VisitanteZoo(
  nifVisitante,
  idZoo
)
  values(
    '233732080',
    0001
);

insert into VisitanteZoo(
  nifVisitante,
  idZoo
)
  values(
    '214456846',
    0001
);

insert into VisitanteZoo(
  nifVisitante,
  idZoo
)
  values(
    '256222347',
    0001
);

insert into VisitanteZoo(
  nifVisitante,
  idZoo
)
  values(
    '268741239',
    0002
);

insert into VisitanteZoo(
  nifVisitante,
  idZoo
)
  values(
    '285314734',
    0002
);

insert into VisitanteZoo(
  nifVisitante,
  idZoo
)
  values(
    '227530721',
    0002
);

insert into VisitanteZoo(
  nifVisitante,
  idZoo
)
  values(
    '271731672',
    0002
);

insert into VisitanteZoo(
  nifVisitante,
  idZoo
)
  values(
    '249535602',
    0002
);

insert into VisitanteZoo(
  nifVisitante,
  idZoo
)
  values(
    '226854450',
    0003
);

insert into VisitanteZoo(
  nifVisitante,
  idZoo
)
  values(
    '290432316',
    0003
);

insert into VisitanteZoo(
  nifVisitante,
  idZoo
)
  values(
    '217941214',
    0003
);

insert into VisitanteZoo(
  nifVisitante,
  idZoo
)
  values(
    '295684534',
    0003
);

insert into VisitanteZoo(
  nifVisitante,
  idZoo
)
  values(
    '217192645',
    0003
);

insert into VisitanteZoo(
  nifVisitante,
  idZoo
)
  values(
    '210807954',
    0004
);

insert into VisitanteZoo(
  nifVisitante,
  idZoo
)
  values(
    '214641074',
    0004
);

insert into VisitanteZoo(
  nifVisitante,
  idZoo
)
  values(
    '246539488',
    0004
);

insert into VisitanteZoo(
  nifVisitante,
  idZoo
)
  values(
    '205733794',
    0004
);

insert into VisitanteZoo(
  nifVisitante,
  idZoo
)
  values(
    '223624721',
    0004
);

insert into VisitanteZoo(
  nifVisitante,
  idZoo
)
  values(
    '273180339',
    0005
);

insert into VisitanteZoo(
  nifVisitante,
  idZoo
)
  values(
    '220043639',
    0005
);

insert into VisitanteZoo(
  nifVisitante,
  idZoo
)
  values(
    '267349742',
    0005
);

insert into VisitanteZoo(
  nifVisitante,
  idZoo
)
  values(
    '220852235',
    0005
);

insert into VisitanteZoo(
  nifVisitante,
  idZoo
)
  values(
    '287728641',
    0005
);




insert into FuncionarioAnimalSessao(
  idAnimal,
  nifFuncionario,
  idSessao
)
  values(
    01,
    '285836870',
    100
);

insert into FuncionarioAnimalSessao(
  idAnimal,
  nifFuncionario,
  idSessao
)
  values(
    02,
    '285836870',
    200
);

insert into FuncionarioAnimalSessao(
  idAnimal,
  nifFuncionario,
  idSessao
)
  values(
    03,
    '220689547',
    300
);

insert into FuncionarioAnimalSessao(
  idAnimal,
  nifFuncionario,
  idSessao
)
  values(
    04,
    '220689547',
    400
);

insert into FuncionarioAnimalSessao(
  idAnimal,
  nifFuncionario,
  idSessao)
  values(
    07,
    '207652287',
    500
);

insert into FuncionarioAnimalSessao(
  idAnimal,
  nifFuncionario,
  idSessao)
  values(
    08,
    '207652287',
    600
);

insert into FuncionarioAnimalSessao(
  idAnimal,
  nifFuncionario,
  idSessao)
  values(
    10,
    '205589143',
    700
);

insert into FuncionarioAnimalSessao(
  idAnimal,
  nifFuncionario,
  idSessao)
  values(
    11,
    '205589143',
    800
);

insert into FuncionarioAnimalSessao(
  idAnimal,
  nifFuncionario,
  idSessao)
  values(
    13,
    '202682412',
    900
);

insert into FuncionarioAnimalSessao(
  idAnimal,
  nifFuncionario,
  idSessao)
  values(
    14,
    '202682412',
    000
);




insert into Habitat(
  idHabitat,
  area,
  numeroAnimais,
  tipoHabitat,
  idZoo
)
  values(
    001,
    250,
    3,
    'savana',
    0001
  );

insert into Habitat(
  idHabitat,
  area,
  numeroAnimais,
  tipoHabitat,
  idZoo
)
  values(
    002,
    200,
    2,
    'montanhoso',
    0002
  );



insert into Habitat(
  idHabitat,
  area,
  numeroAnimais,
  tipoHabitat,
  idZoo
)
  values(
    003,
    200,
    1,
    'zonas deserticas/semidesérticas',
    0003
  );
  insert into Habitat(
  idHabitat,
  area,
  numeroAnimais,
  tipoHabitat,
  idZoo
)
  values(
    004,
    150,
    1,
    'savana',
    0002
  );



  insert into Habitat(
  idHabitat,
  area,
  numeroAnimais,
  tipoHabitat,
  idZoo
)
  values(
    005,
    150,
    1,
    'savana',
    0003
  );



insert into Habitat(
  idHabitat,
  area,
  numeroAnimais,
  tipoHabitat,
  idZoo
)
  values(
    006,
    300,
    1,
    'marinho',
    0004
  );
insert into Habitat(
  idHabitat,
  area,
  numeroAnimais,
  tipoHabitat,
  idZoo
)
  values(
    007,
    250,
    1,
    'floresta humida',
    0003
  );



insert into Habitat(
  idHabitat,
  area,
  numeroAnimais,
  tipoHabitat,
  idZoo
)
  values(
    008,
    500,
    1,
    'florestal',
    0004
  );




insert into Habitat(
  idHabitat,
  area,
  numeroAnimais,
  tipoHabitat,
  idZoo
)
  values(
    009,
    200,
    1,
    'zonas deserticas/semidesérticas',
    0004
  );



insert into Habitat(
  idHabitat,
  area,
  numeroAnimais,
  tipoHabitat,
  idZoo
)
  values(
    010,
    500,
    3,
    'florestal',
    0005
  );



  insert into AnimalHabitat(
    idAnimal,
    idHabitat
  )
    values(
      01,
      002);



  insert into AnimalHabitat(
    idAnimal,
    idHabitat
  )
    values(
      02,
      004);


  insert into AnimalHabitat(
    idAnimal,
    idHabitat
  )
    values(
      03,
      001);



  insert into AnimalHabitat(
    idAnimal,
    idHabitat
  )
    values(
      04,
      001);



  insert into AnimalHabitat(
    idAnimal,
    idHabitat
  )
    values(
      05,
      001);



  insert into AnimalHabitat(
    idAnimal,
    idHabitat
  )
    values(
      06,
      001);



  insert into AnimalHabitat(
    idAnimal,
    idHabitat
  )
    values(
      07,
      003);



  insert into AnimalHabitat(
    idAnimal,
    idHabitat
  )
    values(
      08,
      005);



  insert into AnimalHabitat(
    idAnimal,
    idHabitat
  )
    values(
      09,
      007);



  insert into AnimalHabitat(
    idAnimal,
    idHabitat
  )
    values(
      10,
      008);



  insert into AnimalHabitat(
    idAnimal,
    idHabitat
  )
    values(
      11,
      006);



  insert into AnimalHabitat(
    idAnimal,
    idHabitat
  )
    values(
      12,
      009);



  insert into AnimalHabitat(
    idAnimal,
    idHabitat
  )
    values(
      13,
      010);



  insert into AnimalHabitat(
    idAnimal,
    idHabitat
  )
    values(
      14,
      010);



  insert into AnimalHabitat(
    idAnimal,
    idHabitat
  )
    values(
      15,
      010);




insert into QuantidadeNecessaria(
  idAnimal,
  idAlimentacao,
  quantidadeNecessaria
)
  values(
    01,
    004,
    10
  );

  insert into QuantidadeNecessaria(
  idAnimal,
  idAlimentacao,
  quantidadeNecessaria
)
  values(
    02,
    006,
    25
  );

  insert into QuantidadeNecessaria(
  idAnimal,
  idAlimentacao,
  quantidadeNecessaria
)
  values(
    03,
    004,
    30
  );

  insert into QuantidadeNecessaria(
  idAnimal,
  idAlimentacao,
  quantidadeNecessaria
)
  values(
    04,
    006,
    50
  );

  insert into QuantidadeNecessaria(
  idAnimal,
  idAlimentacao,
  quantidadeNecessaria
)
  values(
    05,
    004,
    30
  );

  insert into QuantidadeNecessaria(
  idAnimal,
  idAlimentacao,
  quantidadeNecessaria
)
  values(
    06,
    004,
    35
  );

  insert into QuantidadeNecessaria(
  idAnimal,
  idAlimentacao,
  quantidadeNecessaria
)
  values(
    07,
    004,
    20
  );

  insert into QuantidadeNecessaria(
  idAnimal,
  idAlimentacao,
  quantidadeNecessaria
)
  values(
    08,
    001,
    20
  );

    insert into QuantidadeNecessaria(
  idAnimal,
  idAlimentacao,
  quantidadeNecessaria
)
  values(
    09,
    005,
    15
  );

  insert into QuantidadeNecessaria(
  idAnimal,
  idAlimentacao,
  quantidadeNecessaria
)
  values(
    10,
    004,
    30
  );

  insert into QuantidadeNecessaria(
  idAnimal,
  idAlimentacao,
  quantidadeNecessaria
)
  values(
    11,
    002,
    15
  );

  insert into QuantidadeNecessaria(
  idAnimal,
  idAlimentacao,
  quantidadeNecessaria
)
  values(
    12,
    004,
    18
  );

  insert into QuantidadeNecessaria(
  idAnimal,
  idAlimentacao,
  quantidadeNecessaria
)
  values(
    13,
    003,
    19
  );

  insert into QuantidadeNecessaria(
  idAnimal,
  idAlimentacao,
  quantidadeNecessaria
)
  values(
    14,
    006,
    21
  );

  insert into QuantidadeNecessaria(
  idAnimal,
  idAlimentacao,
  quantidadeNecessaria
)
  values(
    15,
    006,
    21
  );
